trade_date,开盘,close,最高,最低,成交量,成交额,振幅,涨跌幅,涨跌额,换手率
2021-01-04,5212.93,5267.72,5284.43,5190.94,211711383,452796174336.0,1.79,1.08,56.43,0.65
2021-01-05,5245.84,5368.5,5368.5,5234.38,224931159,498041937920.0,2.55,1.91,100.78,0.69
2021-01-06,5386.51,5417.67,5433.47,5341.43,193773445,444434378752.0,1.71,0.92,49.17,0.59
2021-01-07,5428.39,5513.66,5513.66,5413.35,219872079,473385353216.0,1.85,1.77,95.99,0.67
2021-01-08,5526.29,5495.43,5547.47,5442.69,204324956,473567653888.0,1.9,-0.33,-18.23,0.63
2021-01-11,5504.24,5441.16,5555.69,5412.5,231835983,522298482688.0,2.61,-0.99,-54.27,0.71
2021-01-12,5419.5,5596.35,5596.35,5417.63,224220186,486233759744.0,3.28,2.85,155.19,0.69
2021-01-13,5609.26,5577.97,5644.72,5535.14,261569887,546959736832.0,1.96,-0.33,-18.38,0.8
2021-01-14,5556.21,5470.46,5568.02,5458.68,243683379,501890113536.0,1.96,-1.93,-107.51,0.75
2021-01-15,5471.39,5458.08,5500.63,5390.27,238637435,475709919232.0,2.02,-0.23,-12.38,0.73
2021-01-18,5438.16,5518.52,5541.46,5410.78,207051868,422717210624.0,2.39,1.11,60.44,0.63
2021-01-19,5525.97,5437.52,5532.48,5415.72,211043425,433205178368.0,2.12,-1.47,-81.0,0.65
2021-01-20,5439.91,5476.43,5496.05,5426.54,170913260,373770383360.0,1.28,0.72,38.91,0.52
2021-01-21,5492.96,5564.97,5593.11,5490.56,209950198,453183684608.0,1.87,1.62,88.54,0.64
2021-01-22,5562.38,5569.78,5573.66,5513.88,199300019,456622194688.0,1.07,0.09,4.81,0.61
2021-01-25,5564.12,5625.92,5655.48,5543.27,197047020,508166979584.0,2.01,1.01,56.14,0.6
2021-01-26,5600.9,5512.97,5600.9,5506.0,171904591,415008071680.0,1.69,-2.01,-112.95,0.53
2021-01-27,5505.77,5528.0,5534.99,5449.64,160190840,376892604416.0,1.55,0.27,15.03,0.49
2021-01-28,5450.37,5377.14,5462.24,5360.38,170485586,376166522880.0,1.84,-2.73,-150.86,0.52
2021-01-29,5413.97,5351.96,5430.2,5288.1,182178785,390287691776.0,2.64,-0.47,-25.18,0.56
2021-02-01,5356.85,5417.65,5422.3,5342.05,166313705,346859085824.0,1.5,1.23,65.69,0.51
2021-02-02,5429.7,5501.09,5503.21,5411.52,165210565,380016717824.0,1.69,1.54,83.44,0.51
2021-02-03,5499.3,5485.2,5532.89,5473.12,188054318,404343603200.0,1.09,-0.29,-15.89,0.58
2021-02-04,5453.98,5473.95,5510.05,5411.57,180575654,397995204608.0,1.8,-0.21,-11.25,0.55
2021-02-05,5494.7,5483.41,5550.77,5477.65,189699599,395400134656.0,1.34,0.17,9.46,0.58
2021-02-08,5506.14,5564.56,5576.49,5479.85,164033774,367582773248.0,1.76,1.48,81.15,0.5
2021-02-09,5584.17,5686.25,5686.25,5555.05,164887260,378769121280.0,2.36,2.19,121.69,0.51
2021-02-10,5709.68,5807.72,5823.42,5707.33,170169787,417056464896.0,2.04,2.14,121.47,0.52
2021-02-18,5922.07,5768.38,5930.91,5747.66,218848686,507481235456.0,3.16,-0.68,-39.34,0.67
2021-02-19,5734.02,5778.84,5787.89,5667.32,214475781,456433795072.0,2.09,0.18,10.46,0.66
2021-02-22,5785.51,5597.33,5785.51,5597.33,282124383,543633154048.0,3.26,-3.14,-181.51,0.86
2021-02-23,5542.68,5579.67,5644.76,5541.11,233807726,424904470528.0,1.85,-0.32,-17.66,0.72
2021-02-24,5591.48,5437.57,5598.83,5379.73,225428611,472369209344.0,3.93,-2.55,-142.1,0.69
2021-02-25,5494.47,5469.56,5527.63,5444.16,230736028,412206157824.0,1.54,0.59,31.99,0.71
2021-02-26,5343.9,5336.76,5416.32,5318.86,212264543,405717700608.0,1.78,-2.43,-132.8,0.65
2021-03-01,5389.25,5418.78,5421.56,5345.94,177463524,358146547712.0,1.42,1.54,82.02,0.54
2021-03-02,5453.28,5349.63,5454.97,5305.05,196511114,376444604416.0,2.77,-1.28,-69.15,0.6
2021-03-03,5327.35,5452.21,5452.4,5316.48,194709053,337610313728.0,2.54,1.92,102.58,0.6
2021-03-04,5388.48,5280.71,5392.37,5254.78,212775212,384382455808.0,2.52,-3.15,-171.5,0.65
2021-03-05,5191.97,5262.8,5307.82,5174.25,202627955,352539774976.0,2.53,-0.34,-17.91,0.62
2021-03-08,5299.79,5080.02,5326.26,5079.8,230231634,407133802496.0,4.68,-3.47,-182.78,0.71
2021-03-09,5066.15,4971.0,5094.31,4917.91,230711004,414415212544.0,3.47,-2.15,-109.02,0.71
2021-03-10,5047.06,5003.61,5055.28,4981.62,169928489,309577408512.0,1.48,0.66,32.61,0.52
2021-03-11,5024.56,5128.22,5138.41,5020.58,189600765,333859201024.0,2.35,2.49,124.61,0.58
2021-03-12,5153.67,5146.38,5153.67,5086.82,201020590,323237752832.0,1.3,0.35,18.16,0.62
2021-03-15,5116.12,5035.54,5120.88,4992.4,204153083,330740514816.0,2.5,-2.15,-110.84,0.63
2021-03-16,5054.41,5079.36,5084.31,5009.95,161390054,271755046912.0,1.48,0.87,43.82,0.49
2021-03-17,5062.77,5100.86,5123.55,5020.13,149162376,263492419584.0,2.04,0.42,21.5,0.46
2021-03-18,5114.59,5141.77,5160.46,5111.13,142901519,260930048000.0,0.97,0.8,40.91,0.44
2021-03-19,5068.53,5007.09,5089.92,4980.76,164174848,282974490624.0,2.12,-2.62,-134.68,0.5
2021-03-22,5008.4,5057.15,5071.34,4996.54,167402632,264209100800.0,1.49,1.0,50.06,0.51
2021-03-23,5057.06,5009.25,5064.02,4966.53,158013967,255755378688.0,1.93,-0.95,-47.9,0.48
2021-03-24,4985.4,4928.69,5024.33,4919.89,159385981,265970020352.0,2.08,-1.61,-80.56,0.49
2021-03-25,4904.07,4926.35,4950.76,4883.66,132945188,219782049792.0,1.36,-0.05,-2.34,0.41
2021-03-26,4953.95,5037.99,5050.83,4953.95,145926697,273901924352.0,1.97,2.27,111.64,0.45
2021-03-29,5052.26,5046.88,5086.65,5010.39,143388216,266176602112.0,1.51,0.18,8.89,0.44
2021-03-30,5043.1,5094.73,5106.04,5032.8,138618560,254928015360.0,1.45,0.95,47.85,0.42
2021-03-31,5085.95,5048.36,5085.95,5015.61,141335744,241058484224.0,1.38,-0.91,-46.37,0.43
2021-04-01,5059.94,5110.78,5115.43,5056.87,120324890,211493322752.0,1.16,1.24,62.42,0.37
2021-04-02,5129.85,5161.56,5169.83,5116.35,127002255,248060375040.0,1.05,0.99,50.78,0.39
2021-04-06,5178.64,5140.34,5181.15,5125.33,109834209,213852442624.0,1.08,-0.41,-21.22,0.34
2021-04-07,5141.66,5103.74,5141.66,5065.19,145763748,246271188992.0,1.49,-0.71,-36.6,0.45
2021-04-08,5078.26,5112.21,5129.13,5062.07,141771046,228422004736.0,1.31,0.17,8.47,0.43
2021-04-09,5100.04,5035.34,5100.04,5022.09,128416509,221519790080.0,1.52,-1.5,-76.87,0.39
2021-04-12,5026.98,4947.75,5045.6,4933.01,152644314,267218194432.0,2.24,-1.74,-87.59,0.47
2021-04-13,4949.81,4939.64,4994.54,4924.2,132919357,225753231360.0,1.42,-0.16,-8.11,0.41
2021-04-14,4945.69,4980.63,4987.12,4940.27,120860838,221036277760.0,0.95,0.83,40.99,0.37
2021-04-15,4969.91,4948.97,4969.91,4900.3,108829384,213820882944.0,1.4,-0.64,-31.66,0.33
2021-04-16,4966.9,4966.18,4979.17,4917.96,111239923,213389172736.0,1.24,0.35,17.21,0.34
2021-04-19,4966.41,5087.02,5088.21,4940.75,154769825,307899777024.0,2.97,2.43,120.84,0.47
2021-04-20,5065.78,5083.37,5119.86,5058.92,136541701,276640587776.0,1.2,-0.07,-3.65,0.42
2021-04-21,5055.24,5098.74,5110.56,5047.99,124637276,242574995456.0,1.23,0.3,15.37,0.38
2021-04-22,5114.28,5089.24,5119.22,5067.14,121167644,241488846848.0,1.02,-0.19,-9.5,0.37
2021-04-23,5088.83,5135.45,5149.98,5086.49,122056991,264345182208.0,1.25,0.91,46.21,0.37
2021-04-26,5156.59,5077.24,5181.11,5072.96,151381967,325760385024.0,2.11,-1.13,-58.21,0.46
2021-04-27,5076.64,5090.52,5095.98,5042.61,123961838,254738010112.0,1.05,0.26,13.28,0.38
2021-04-28,5073.97,5119.24,5119.45,5059.26,120620319,272182521856.0,1.18,0.56,28.72,0.37
2021-04-29,5128.28,5164.17,5170.59,5113.65,140092480,294112452608.0,1.11,0.88,44.93,0.43
2021-04-30,5156.36,5123.49,5163.25,5094.93,160121620,315075104768.0,1.32,-0.79,-40.68,0.49
2021-05-06,5098.8,5061.12,5132.9,5037.41,158822630,323258265600.0,1.86,-1.22,-62.37,0.49
2021-05-07,5073.46,4996.05,5093.75,4996.04,172258322,304638402560.0,1.93,-1.29,-65.07,0.53
2021-05-10,5001.44,4992.42,5019.39,4953.7,170820585,282656808960.0,1.31,-0.07,-3.63,0.52
2021-05-11,4956.08,5023.06,5033.49,4925.92,151526497,270931615744.0,2.15,0.61,30.64,0.46
2021-05-12,5003.82,5044.55,5051.17,4995.4,126619087,228344004608.0,1.11,0.43,21.49,0.39
2021-05-13,4992.35,4992.97,5022.08,4975.45,132279406,237821403136.0,0.92,-1.02,-51.58,0.41
2021-05-14,5007.63,5110.59,5112.98,4981.29,159426181,318802788352.0,2.64,2.36,117.62,0.49
2021-05-17,5115.31,5184.99,5206.69,5115.31,153889633,335439912960.0,1.79,1.46,74.4,0.47
2021-05-18,5190.93,5187.6,5201.67,5156.79,118404260,238182264832.0,0.87,0.05,2.61,0.36
2021-05-19,5173.17,5172.27,5193.56,5151.64,118729984,250736279552.0,0.81,-0.3,-15.33,0.36
2021-05-20,5167.05,5186.41,5201.59,5152.04,138454776,277088460800.0,0.96,0.27,14.14,0.42
2021-05-21,5199.13,5134.15,5216.16,5123.12,124768484,268053626880.0,1.79,-1.01,-52.26,0.38
2021-05-24,5138.81,5155.59,5155.59,5092.39,126742336,278513131520.0,1.23,0.42,21.44,0.39
2021-05-25,5165.04,5318.48,5324.36,5161.52,182996838,404683304960.0,3.16,3.16,162.89,0.56
2021-05-26,5326.12,5320.59,5344.28,5308.74,169607096,346444644352.0,0.67,0.04,2.11,0.52
2021-05-27,5311.37,5338.23,5378.48,5286.05,148462856,311893704704.0,1.74,0.33,17.64,0.45
2021-05-28,5338.73,5321.09,5360.28,5288.65,164605806,330711896064.0,1.34,-0.32,-17.14,0.5
2021-05-31,5318.08,5331.57,5331.63,5281.69,144603269,321450799104.0,0.94,0.2,10.48,0.44
2021-06-01,5320.47,5341.68,5343.75,5269.26,143831475,321845841920.0,1.4,0.19,10.11,0.44
2021-06-02,5348.34,5289.97,5352.64,5266.79,137754319,296176177152.0,1.61,-0.97,-51.71,0.42
2021-06-03,5285.71,5255.29,5314.37,5255.07,141968878,285448634368.0,1.12,-0.66,-34.68,0.43
2021-06-04,5228.28,5282.28,5334.49,5221.23,144732088,292326047744.0,2.16,0.51,26.99,0.44
2021-06-07,5284.89,5277.63,5286.84,5242.95,127704970,280463261696.0,0.83,-0.09,-4.65,0.39
2021-06-08,5276.97,5232.12,5319.04,5201.14,130559532,304042217472.0,2.23,-0.86,-45.51,0.4
2021-06-09,5224.95,5236.45,5253.36,5215.35,121820321,255075450880.0,0.73,0.08,4.33,0.37
2021-06-10,5236.47,5271.47,5299.53,5229.52,138991967,301454336000.0,1.34,0.67,35.02,0.43
2021-06-11,5275.75,5224.7,5276.1,5213.6,180807173,365363494912.0,1.19,-0.89,-46.77,0.55
2021-06-15,5218.56,5166.56,5225.5,5137.41,142880059,330616619008.0,1.69,-1.11,-58.14,0.44
2021-06-16,5163.25,5080.49,5164.52,5076.02,125147986,298286772224.0,1.71,-1.67,-86.07,0.38
2021-06-17,5074.38,5101.89,5123.37,5073.82,120452518,281927282688.0,0.98,0.42,21.4,0.37
2021-06-18,5104.93,5102.47,5128.03,5064.92,148585805,356697096192.0,1.24,0.01,0.58,0.46
2021-06-21,5088.09,5090.39,5123.78,5058.57,132184517,331527114752.0,1.28,-0.24,-12.08,0.4
2021-06-22,5106.07,5122.16,5125.82,5086.28,130416753,313690365952.0,0.78,0.62,31.77,0.4
2021-06-23,5127.19,5147.39,5171.03,5109.76,136356058,358765666304.0,1.2,0.49,25.23,0.42
2021-06-24,5156.56,5155.97,5160.43,5120.58,126685624,312607424512.0,0.77,0.17,8.58,0.39
2021-06-25,5159.8,5239.97,5251.61,5157.48,154931062,368265641984.0,1.83,1.63,84.0,0.47
2021-06-28,5253.61,5251.76,5260.64,5226.22,133193784,337452773376.0,0.66,0.23,11.79,0.41
2021-06-29,5248.52,5190.54,5248.52,5182.68,125162998,314896842752.0,1.25,-1.17,-61.22,0.38
2021-06-30,5189.38,5224.04,5231.43,5186.63,103752671,281015504896.0,0.86,0.65,33.5,0.32
2021-07-01,5241.2,5229.66,5252.26,5190.88,127240620,324097400832.0,1.17,0.11,5.62,0.39
2021-07-02,5186.66,5081.12,5186.66,5074.36,130426424,342578962432.0,2.15,-2.84,-148.54,0.4
2021-07-05,5073.78,5085.79,5098.23,5048.0,131211589,335197786112.0,0.99,0.09,4.67,0.4
2021-07-06,5089.78,5083.1,5092.21,5028.51,140655219,362828902400.0,1.25,-0.05,-2.69,0.43
2021-07-07,5052.42,5140.49,5152.77,5045.41,148549061,336731402240.0,2.11,1.13,57.39,0.46
2021-07-08,5149.31,5088.26,5151.22,5078.93,173901007,397879869440.0,1.41,-1.02,-52.23,0.53
2021-07-09,5063.15,5069.44,5081.41,5006.41,160653225,352845582336.0,1.47,-0.37,-18.82,0.49
2021-07-12,5108.38,5132.71,5159.41,5070.32,206212040,437203144704.0,1.76,1.25,63.27,0.63
2021-07-13,5128.61,5142.1,5154.05,5114.94,166482209,361328492544.0,0.76,0.18,9.39,0.51
2021-07-14,5130.75,5083.08,5130.75,5075.13,188352719,372568109056.0,1.08,-1.15,-59.02,0.58
2021-07-15,5073.26,5151.46,5153.81,5067.68,181077102,372484079616.0,1.69,1.35,68.38,0.55
2021-07-16,5140.9,5094.77,5140.9,5090.63,169955983,362594258944.0,0.98,-1.1,-56.69,0.52
2021-07-19,5083.73,5113.49,5120.82,5047.62,153199588,340322623488.0,1.44,0.37,18.72,0.47
2021-07-20,5080.22,5108.99,5114.0,5067.86,129300045,283543130112.0,0.9,-0.09,-4.5,0.4
2021-07-21,5122.78,5144.04,5160.54,5122.3,167976468,390275518464.0,0.75,0.69,35.05,0.51
2021-07-22,5150.39,5151.75,5171.21,5137.88,185556864,418221654016.0,0.65,0.15,7.71,0.57
2021-07-23,5145.43,5089.23,5145.43,5080.0,216536847,435521171456.0,1.27,-1.21,-62.52,0.66
2021-07-26,5067.31,4925.3,5067.31,4859.6,228111711,495153655808.0,4.08,-3.22,-163.93,0.7
2021-07-27,4924.28,4751.31,4940.86,4749.03,236631224,521146118144.0,3.89,-3.53,-173.99,0.72
2021-07-28,4714.29,4760.48,4785.66,4663.9,192634394,419706155008.0,2.56,0.19,9.17,0.59
2021-07-29,4845.76,4850.27,4857.97,4800.01,173322053,415676121088.0,1.22,1.89,89.79,0.53
2021-07-30,4825.7,4811.17,4825.7,4761.04,182349775,420943933440.0,1.33,-0.81,-39.1,0.56
2021-08-02,4794.82,4933.74,4938.82,4761.46,227194918,524659449856.0,3.69,2.55,122.57,0.7
2021-08-03,4909.23,4934.46,4957.03,4890.85,203533361,471194128384.0,1.34,0.01,0.72,0.62
2021-08-04,4927.74,4978.85,4979.29,4919.66,175466460,425801408512.0,1.21,0.9,44.39,0.54
2021-08-05,4946.17,4948.67,4997.14,4921.94,167381829,398772207616.0,1.51,-0.61,-30.18,0.51
2021-08-06,4943.04,4921.56,4944.35,4891.8,154179689,371773603840.0,1.06,-0.55,-27.11,0.47
2021-08-09,4890.26,4985.56,5002.89,4884.04,182436872,408897064960.0,2.41,1.3,64.0,0.56
2021-08-10,4977.82,5043.15,5043.76,4941.24,167051901,410098757632.0,2.06,1.16,57.59,0.51
2021-08-11,5037.08,5015.34,5059.79,5009.98,182266074,373386346496.0,0.99,-0.55,-27.81,0.56
2021-08-12,4998.07,4973.35,5016.26,4962.99,168223734,361828380672.0,1.06,-0.84,-41.99,0.52
2021-08-13,4958.76,4945.98,4993.74,4921.28,158314322,352459067392.0,1.46,-0.55,-27.37,0.48
2021-08-16,4935.92,4941.07,4973.38,4931.37,161953372,340735119360.0,0.85,-0.1,-4.91,0.5
2021-08-17,4935.0,4837.4,4967.56,4823.39,187573473,388457132032.0,2.92,-2.1,-103.67,0.57
2021-08-18,4838.47,4894.24,4909.54,4818.9,197474378,395792166912.0,1.87,1.18,56.84,0.6
2021-08-19,4886.56,4862.14,4893.47,4839.57,201711718,397424963584.0,1.1,-0.66,-32.1,0.62
2021-08-20,4817.49,4769.27,4835.15,4720.83,177635809,404938035200.0,2.35,-1.91,-92.87,0.54
2021-08-23,4777.73,4835.88,4843.82,4764.01,167579092,389599125504.0,1.67,1.4,66.61,0.51
2021-08-24,4844.59,4888.39,4906.2,4842.75,197883164,417481424896.0,1.31,1.09,52.51,0.61
2021-08-25,4890.52,4898.16,4899.77,4865.76,189448015,371868196864.0,0.7,0.2,9.77,0.58
2021-08-26,4892.2,4801.61,4892.2,4798.7,197617388,368987717632.0,1.91,-1.97,-96.55,0.61
2021-08-27,4794.97,4827.04,4863.47,4793.59,183310211,368421408768.0,1.46,0.53,25.43,0.56
2021-08-30,4847.03,4813.27,4849.16,4787.2,219635758,477182070784.0,1.28,-0.29,-13.77,0.67
2021-08-31,4803.09,4805.61,4821.76,4740.75,235118659,460805652480.0,1.68,-0.16,-7.66,0.72
2021-09-01,4804.69,4869.46,4906.4,4763.3,326721080,568819748864.0,2.98,1.33,63.85,1.0
2021-09-02,4865.82,4869.41,4892.7,4845.62,267858012,465954131968.0,0.97,0.0,-0.05,0.82
2021-09-03,4875.07,4843.06,4886.55,4828.7,268091896,466430119936.0,1.19,-0.54,-26.35,0.82
2021-09-06,4841.06,4933.73,4944.45,4837.79,240507246,452756275200.0,2.2,1.87,90.67,0.74
2021-09-07,4932.98,4992.83,5005.96,4915.61,244178519,417759637504.0,1.83,1.2,59.1,0.75
2021-09-08,4986.8,4972.13,5013.98,4955.89,264615314,428591079424.0,1.16,-0.41,-20.7,0.81
2021-09-09,4952.49,4970.01,4970.15,4929.95,256530217,401675689984.0,0.81,-0.04,-2.12,0.79
2021-09-10,4967.98,5013.52,5042.8,4962.37,288304353,472762531840.0,1.62,0.88,43.51,0.88
2021-09-13,5006.77,4991.66,5029.72,4964.96,249915297,433329627136.0,1.29,-0.44,-21.86,0.77
2021-09-14,4989.83,4917.16,5000.98,4907.32,245590403,417245831168.0,1.88,-1.49,-74.5,0.75
2021-09-15,4903.85,4867.32,4903.85,4843.12,187984730,363256655872.0,1.24,-1.01,-49.84,0.58
2021-09-16,4866.79,4807.7,4879.53,4806.14,216752100,393517268992.0,1.51,-1.22,-59.62,0.66
2021-09-17,4797.11,4855.94,4857.96,4786.09,201958126,360397418496.0,1.49,1.0,48.24,0.62
2021-09-22,4770.73,4821.77,4830.85,4765.23,191220375,311952990208.0,1.35,-0.7,-34.17,0.59
2021-09-23,4848.22,4853.2,4877.34,4837.56,228151063,362140917760.0,0.83,0.65,31.43,0.7
2021-09-24,4845.64,4849.43,4897.06,4838.54,207693289,361849454592.0,1.21,-0.08,-3.77,0.64
2021-09-27,4870.85,4877.37,4922.56,4852.2,215967030,426083024896.0,1.45,0.58,27.94,0.66
2021-09-28,4869.08,4883.83,4901.31,4846.63,176890880,321272193024.0,1.12,0.13,6.46,0.54
2021-09-29,4846.02,4833.93,4868.07,4799.88,188171366,331841769472.0,1.4,-1.02,-49.9,0.58
2021-09-30,4843.95,4866.38,4876.07,4843.95,146113897,283254685696.0,0.66,0.67,32.45,0.45
2021-10-08,4915.73,4929.94,4937.09,4891.62,168968077,343635836928.0,0.93,1.31,63.56,0.52
2021-10-11,4941.29,4936.19,4983.73,4930.71,163511624,315186323456.0,1.08,0.13,6.25,0.5
2021-10-12,4920.66,4883.84,4925.49,4840.77,168079337,299424239616.0,1.72,-1.06,-52.35,0.51
2021-10-13,4880.14,4940.11,4953.37,4869.83,131142812,280044666880.0,1.71,1.15,56.27,0.4
2021-10-14,4934.26,4913.61,4953.92,4903.25,119557012,249151668224.0,1.03,-0.54,-26.5,0.37
2021-10-15,4896.56,4932.11,4939.82,4881.01,142822001,300728492032.0,1.2,0.38,18.5,0.44
2021-10-18,4922.51,4874.78,4922.51,4844.94,141245199,302539444224.0,1.57,-1.16,-57.33,0.43
2021-10-19,4869.39,4922.72,4928.14,4868.81,135266493,282928242688.0,1.22,0.98,47.94,0.41
2021-10-20,4926.77,4910.18,4944.02,4898.37,141533184,279747731456.0,0.93,-0.25,-12.54,0.43
2021-10-21,4914.74,4928.02,4946.18,4893.85,148898153,274802962432.0,1.07,0.36,17.84,0.46
2021-10-22,4934.87,4959.73,4989.89,4934.87,143926228,289252614144.0,1.12,0.64,31.71,0.44
2021-10-25,4940.9,4979.52,4981.65,4930.11,141861491,299408232448.0,1.04,0.4,19.79,0.43
2021-10-26,4983.24,4963.1,5002.57,4953.48,140888942,301786230784.0,0.99,-0.33,-16.42,0.43
2021-10-27,4949.23,4898.16,4949.23,4884.94,147111593,299460468736.0,1.3,-1.31,-64.94,0.45
2021-10-28,4882.59,4864.14,4898.66,4846.28,156649472,316631711744.0,1.07,-0.69,-34.02,0.48
2021-10-29,4861.27,4908.77,4908.77,4855.76,159887352,368731987968.0,1.09,0.92,44.63,0.49
2021-11-01,4878.13,4890.69,4908.21,4858.25,171583974,379730767872.0,1.02,-0.37,-18.08,0.53
2021-11-02,4886.18,4839.85,4911.23,4797.9,185437688,385731878912.0,2.32,-1.04,-50.84,0.57
2021-11-03,4835.81,4821.11,4858.71,4804.37,142763820,302269935616.0,1.12,-0.39,-18.74,0.44
2021-11-04,4841.09,4868.74,4873.94,4834.74,132592970,308688056320.0,0.81,0.99,47.63,0.41
2021-11-05,4858.9,4842.35,4889.68,4841.74,147789358,312070840320.0,0.98,-0.54,-26.39,0.45
2021-11-08,4841.15,4848.18,4866.08,4827.69,137398264,295893823488.0,0.79,0.12,5.83,0.42
2021-11-09,4858.25,4846.74,4870.79,4818.54,118375526,261645066240.0,1.08,-0.03,-1.44,0.36
2021-11-10,4832.8,4821.19,4832.8,4754.0,135118180,301058965504.0,1.63,-0.53,-25.55,0.41
2021-11-11,4814.77,4898.65,4898.65,4809.11,160484864,323624628224.0,1.86,1.61,77.46,0.49
2021-11-12,4902.93,4888.37,4909.08,4875.35,132662968,271773245440.0,0.69,-0.21,-10.28,0.41
2021-11-15,4894.41,4882.38,4906.33,4863.4,121823150,272997748736.0,0.88,-0.12,-5.99,0.37
2021-11-16,4880.9,4883.32,4915.37,4876.5,127254405,284094590976.0,0.8,0.02,0.94,0.39
2021-11-17,4883.25,4885.75,4891.52,4864.52,108459223,246177918976.0,0.55,0.05,2.43,0.33
2021-11-18,4871.42,4837.62,4871.42,4830.41,114480566,244484714496.0,0.84,-0.99,-48.13,0.35
2021-11-19,4832.06,4890.06,4892.81,4829.57,127198313,266280681472.0,1.31,1.08,52.44,0.39
2021-11-22,4895.39,4912.4,4919.0,4893.27,138092836,316148809728.0,0.53,0.46,22.34,0.42
2021-11-23,4905.76,4913.35,4927.52,4896.88,154304412,301022146560.0,0.62,0.02,0.95,0.47
2021-11-24,4914.03,4916.66,4935.49,4899.61,137150674,289707339776.0,0.73,0.07,3.31,0.42
2021-11-25,4917.61,4896.44,4921.33,4891.73,115984031,255450992640.0,0.6,-0.41,-20.22,0.36
2021-11-26,4886.95,4860.13,4886.95,4850.81,120368975,243041337344.0,0.74,-0.74,-36.31,0.37
2021-11-29,4820.01,4851.42,4858.53,4818.71,133626862,285995220992.0,0.82,-0.18,-8.71,0.41
2021-11-30,4857.18,4832.03,4871.25,4810.22,129630597,279268233216.0,1.26,-0.4,-19.39,0.4
2021-12-01,4831.89,4843.85,4844.52,4823.93,123086789,255968911360.0,0.43,0.24,11.82,0.38
2021-12-02,4839.91,4856.16,4866.85,4830.32,148088522,278051725312.0,0.75,0.25,12.31,0.45
2021-12-03,4856.98,4901.02,4901.02,4853.35,144059625,300052697088.0,0.98,0.92,44.86,0.44
2021-12-06,4909.43,4892.62,4943.9,4888.69,173615683,333405790208.0,1.13,-0.17,-8.4,0.53
2021-12-07,4930.83,4922.1,4934.1,4895.22,179053460,340617764864.0,0.79,0.6,29.48,0.55
2021-12-08,4934.41,4995.93,4995.93,4915.79,157490560,329064833024.0,1.63,1.5,73.83,0.48
2021-12-09,5000.69,5078.69,5114.5,4999.41,220568776,425680957440.0,2.3,1.66,82.76,0.68
2021-12-10,5046.27,5055.12,5060.06,5035.81,193695155,356917624832.0,0.48,-0.46,-23.57,0.59
2021-12-13,5090.02,5083.8,5143.84,5079.73,211801595,426376531968.0,1.27,0.57,28.68,0.65
2021-12-14,5066.35,5049.7,5075.21,5038.86,159107791,318685536256.0,0.72,-0.67,-34.1,0.49
2021-12-15,5036.28,5005.9,5060.37,5003.78,150529751,291072569344.0,1.12,-0.87,-43.8,0.46
2021-12-16,5006.61,5034.73,5034.73,4987.22,144053868,291474767872.0,0.95,0.58,28.83,0.44
2021-12-17,5021.34,4954.76,5022.11,4954.76,149005399,297943310336.0,1.34,-1.59,-79.97,0.46
2021-12-20,4934.97,4880.42,4971.67,4872.68,169675689,317536919552.0,2.0,-1.5,-74.34,0.52
2021-12-21,4876.51,4913.49,4917.8,4872.95,143339899,259023175680.0,0.92,0.68,33.07,0.44
2021-12-22,4924.58,4914.45,4936.67,4903.17,133256740,244642451456.0,0.68,0.02,0.96,0.41
2021-12-23,4924.29,4948.74,4948.74,4906.75,139555407,263359754240.0,0.85,0.7,34.29,0.43
2021-12-24,4953.06,4921.34,4964.91,4905.98,142673324,290483662848.0,1.19,-0.55,-27.4,0.44
2021-12-27,4918.15,4919.32,4939.69,4894.16,124100951,254421524480.0,0.93,-0.04,-2.02,0.38
2021-12-28,4923.69,4955.96,4959.14,4913.6,130457756,276316733440.0,0.93,0.74,36.64,0.4
2021-12-29,4958.65,4883.48,4958.65,4883.48,113587003,273225465856.0,1.52,-1.46,-72.48,0.35
2021-12-30,4882.16,4921.51,4940.18,4878.65,121617178,268022476800.0,1.26,0.78,38.03,0.37
2021-12-31,4937.46,4940.37,4950.36,4923.14,121313738,266975387648.0,0.55,0.38,18.86,0.37
2022-01-04,4957.98,4917.77,4961.45,4874.53,151534776,336516960256.0,1.76,-0.46,-22.6,0.46
2022-01-05,4907.93,4868.12,4916.28,4851.98,178816100,363944529920.0,1.31,-1.01,-49.65,0.55
2022-01-06,4842.16,4818.23,4857.56,4786.43,157665825,321750077440.0,1.46,-1.02,-49.89,0.48
2022-01-07,4824.32,4822.37,4856.65,4818.19,187139412,332218949632.0,0.8,0.09,4.14,0.57
2022-01-10,4812.23,4844.05,4844.39,4780.82,156211697,305033818112.0,1.32,0.45,21.68,0.48
2022-01-11,4840.01,4797.77,4850.88,4791.89,146928005,286445756416.0,1.22,-0.96,-46.28,0.45
2022-01-12,4818.89,4845.58,4852.73,4810.92,143200205,293153042432.0,0.87,1.0,47.81,0.44
2022-01-13,4853.03,4765.92,4853.06,4765.24,142519652,288799117312.0,1.81,-1.64,-79.66,0.44
2022-01-14,4743.91,4726.73,4764.05,4723.94,146863127,281828450304.0,0.84,-0.82,-39.19,0.45
2022-01-17,4728.76,4767.28,4775.24,4726.71,115295690,263788240896.0,1.03,0.86,40.55,0.35
2022-01-18,4766.78,4813.35,4826.3,4747.92,150870802,282749394944.0,1.64,0.97,46.07,0.46
2022-01-19,4815.81,4780.38,4828.75,4755.93,133927360,275534557184.0,1.51,-0.68,-32.97,0.41
2022-01-20,4778.26,4823.51,4845.0,4777.57,164971315,304344268800.0,1.41,0.9,43.13,0.51
2022-01-21,4808.77,4779.31,4818.31,4762.56,138952586,274699153408.0,1.16,-0.92,-44.2,0.43
2022-01-24,4753.94,4786.74,4801.1,4746.45,114463880,246261596160.0,1.14,0.16,7.43,0.35
2022-01-25,4761.95,4678.45,4781.39,4678.25,133667587,250555768832.0,2.15,-2.26,-108.29,0.41
2022-01-26,4697.1,4712.31,4718.99,4648.13,107070843,226553450496.0,1.51,0.72,33.86,0.33
2022-01-27,4708.1,4619.88,4708.44,4616.03,121263803,250535653376.0,1.96,-1.96,-92.43,0.37
2022-01-28,4641.81,4563.77,4660.52,4559.83,126480113,263967891456.0,2.18,-1.21,-56.11,0.39
2022-02-07,4638.58,4634.09,4672.65,4615.01,144849720,266031792128.0,1.26,1.54,70.32,0.44
2022-02-08,4626.44,4608.77,4626.44,4522.47,155830707,281364873216.0,2.24,-0.55,-25.32,0.48
2022-02-09,4608.15,4652.06,4659.46,4595.28,148335547,273771962368.0,1.39,0.94,43.29,0.45
2022-02-10,4657.21,4639.86,4657.21,4608.09,151576666,287224389632.0,1.06,-0.26,-12.2,0.46
2022-02-11,4617.87,4601.4,4662.6,4595.88,155974584,307938017280.0,1.44,-0.83,-38.46,0.48
2022-02-14,4579.42,4551.69,4593.63,4530.06,143673894,275737554944.0,1.38,-1.08,-49.71,0.44
2022-02-15,4553.81,4600.1,4601.45,4550.54,115025600,249977008128.0,1.12,1.06,48.41,0.35
2022-02-16,4619.85,4617.99,4643.1,4607.22,107258954,210190929920.0,0.78,0.39,17.89,0.33
2022-02-17,4616.9,4629.16,4650.16,4606.95,110014643,227946250240.0,0.94,0.24,11.17,0.34
2022-02-18,4604.57,4651.24,4651.34,4598.1,104550228,195825700864.0,1.15,0.48,22.08,0.32
2022-02-21,4646.05,4634.31,4646.67,4613.3,112516513,215039180800.0,0.72,-0.36,-16.93,0.34
2022-02-22,4601.92,4574.15,4602.07,4550.8,123317238,246872961024.0,1.11,-1.3,-60.16,0.38
2022-02-23,4582.01,4623.05,4625.3,4579.29,122952916,259050147840.0,1.01,1.07,48.9,0.38
2022-02-24,4592.07,4529.32,4610.88,4488.48,184403059,342346665984.0,2.65,-2.03,-93.73,0.56
2022-02-25,4564.63,4573.42,4611.86,4561.9,149722583,271727599616.0,1.1,0.97,44.1,0.46
2022-02-28,4563.74,4581.65,4581.65,4530.68,135406979,248363728896.0,1.11,0.18,8.23,0.41
2022-03-01,4597.86,4619.69,4623.43,4583.92,123139220,260431183872.0,0.86,0.83,38.04,0.38
2022-03-02,4594.02,4578.6,4594.02,4558.44,113298324,215299653632.0,0.77,-0.89,-41.09,0.35
2022-03-03,4595.02,4551.63,4599.4,4544.43,138285878,242701770752.0,1.2,-0.59,-26.97,0.42
2022-03-04,4513.36,4496.43,4539.39,4481.49,127266806,249970282496.0,1.27,-1.21,-55.2,0.39
2022-03-07,4462.52,4352.78,4462.52,4338.3,162197706,306898526208.0,2.76,-3.19,-143.65,0.5
2022-03-08,4361.64,4265.39,4383.65,4252.54,167863278,315176697856.0,3.01,-2.01,-87.39,0.51
2022-03-09,4280.98,4226.35,4304.48,4068.19,194232901,341009391616.0,5.54,-0.92,-39.04,0.59
2022-03-10,4326.2,4292.84,4335.67,4288.51,145266383,301636182016.0,1.12,1.57,66.49,0.44
2022-03-11,4231.2,4306.52,4316.04,4176.45,152399921,295008833536.0,3.25,0.32,13.68,0.47
2022-03-14,4248.15,4174.76,4280.36,4174.76,130187236,260691660800.0,2.45,-3.06,-131.76,0.4
2022-03-15,4125.49,3983.81,4163.42,3983.81,202524700,346988949504.0,4.3,-4.57,-190.95,0.62
2022-03-16,4053.1,4156.08,4168.59,3942.86,196021983,378883588096.0,5.67,4.32,172.27,0.6
2022-03-17,4237.67,4237.7,4302.74,4217.8,179407345,385039196160.0,2.04,1.96,81.62,0.55
2022-03-18,4218.47,4265.9,4283.37,4194.94,149458304,275791290368.0,2.09,0.67,28.2,0.46
2022-03-21,4280.14,4258.75,4287.82,4223.02,127036360,251214544896.0,1.52,-0.17,-7.15,0.39
2022-03-22,4252.57,4255.3,4283.33,4236.69,126382469,226213535744.0,1.1,-0.08,-3.45,0.39
2022-03-23,4269.61,4276.52,4287.58,4241.96,117089078,226390777856.0,1.07,0.5,21.22,0.36
2022-03-24,4249.53,4251.31,4273.96,4216.85,108918272,219594432512.0,1.34,-0.59,-25.21,0.33
2022-03-25,4249.07,4174.57,4254.84,4173.93,108808046,217013186560.0,1.9,-1.81,-76.74,0.33
2022-03-28,4128.84,4148.47,4174.12,4091.3,118449021,213468975104.0,1.98,-0.63,-26.1,0.36
2022-03-29,4155.42,4134.14,4177.21,4124.72,100266972,199463854080.0,1.27,-0.35,-14.33,0.31
2022-03-30,4162.17,4254.1,4254.1,4160.74,138346025,268869181440.0,2.26,2.9,119.96,0.42
2022-03-31,4234.72,4222.6,4247.36,4214.54,134029184,238877216768.0,0.77,-0.74,-31.5,0.41
2022-04-01,4198.82,4276.16,4290.67,4190.08,133803054,244758872064.0,2.38,1.27,53.56,0.41
2022-04-06,4258.83,4263.84,4277.52,4236.73,159062195,253690929152.0,0.95,-0.29,-12.32,0.49
2022-04-07,4240.02,4209.1,4278.11,4205.74,134880353,216996184064.0,1.7,-1.28,-54.74,0.41
2022-04-08,4213.21,4230.77,4237.81,4175.53,142843794,229081763840.0,1.48,0.51,21.67,0.44
2022-04-11,4203.79,4100.07,4203.79,4089.09,148197071,265224933376.0,2.71,-3.09,-130.7,0.45
2022-04-12,4102.97,4179.97,4179.97,4075.8,144285683,252830412800.0,2.54,1.95,79.9,0.44
2022-04-13,4154.41,4139.74,4194.04,4139.74,125097490,221281030144.0,1.3,-0.96,-40.23,0.38
2022-04-14,4172.64,4191.57,4217.06,4155.55,124791316,245993820160.0,1.49,1.25,51.83,0.38
2022-04-15,4162.37,4188.75,4211.32,4152.97,124762263,226229739520.0,1.39,-0.07,-2.82,0.38
2022-04-18,4152.93,4166.38,4171.74,4119.99,117504609,212855328768.0,1.24,-0.53,-22.37,0.36
2022-04-19,4161.93,4134.9,4186.94,4115.42,110217472,208570580992.0,1.72,-0.76,-31.48,0.34
2022-04-20,4130.54,4070.79,4136.17,4060.5,117331658,216536637440.0,1.83,-1.55,-64.11,0.36
2022-04-21,4048.73,3995.83,4086.44,3978.37,132783828,227026681856.0,2.65,-1.84,-74.96,0.41
2022-04-22,3967.2,4013.25,4037.08,3953.72,122101811,206371766272.0,2.09,0.44,17.42,0.37
2022-04-25,3933.45,3814.91,3958.21,3814.91,168364503,272889274368.0,3.57,-4.94,-198.34,0.52
2022-04-26,3822.49,3784.12,3871.85,3773.9,157577610,259626352640.0,2.57,-0.81,-30.79,0.48
2022-04-27,3758.08,3895.54,3895.73,3757.09,172734047,296924102656.0,3.66,2.94,111.42,0.53
2022-04-28,3883.42,3921.11,3943.43,3873.58,153056586,268502241280.0,1.79,0.66,25.57,0.47
2022-04-29,3939.62,4016.24,4017.43,3898.57,179458378,321414877184.0,3.03,2.43,95.13,0.55
2022-05-05,3995.35,4010.21,4039.7,3988.93,154170716,290538229760.0,1.26,-0.15,-6.03,0.47
2022-05-06,3928.85,3908.82,3947.24,3902.05,123005550,214825172992.0,1.13,-2.53,-101.39,0.38
2022-05-09,3883.95,3877.44,3914.11,3854.94,92936694,171756503040.0,1.51,-0.8,-31.38,0.28
2022-05-10,3820.63,3919.87,3932.68,3808.57,136416919,239060213760.0,3.2,1.09,42.43,0.42
2022-05-11,3917.93,3976.42,4033.3,3916.52,165632256,309294911488.0,2.98,1.44,56.55,0.51
2022-05-12,3949.95,3958.74,3985.93,3935.59,113376067,202029158400.0,1.27,-0.44,-17.68,0.35
2022-05-13,3983.82,3988.6,4003.85,3957.14,109968356,195727044608.0,1.18,0.75,29.86,0.34
2022-05-16,4015.0,3956.54,4018.03,3947.75,112425295,199717908480.0,1.76,-0.8,-32.06,0.34
2022-05-17,3961.76,4005.89,4005.89,3955.1,109661455,210117537792.0,1.28,1.25,49.35,0.34
2022-05-18,4015.01,3991.91,4017.34,3964.75,108074232,201800667136.0,1.31,-0.35,-13.98,0.33
2022-05-19,3938.3,3999.6,3999.6,3933.75,116293420,210206683136.0,1.65,0.19,7.69,0.36
2022-05-20,4020.82,4077.6,4077.6,4020.82,147069174,265609089024.0,1.42,1.95,78.0,0.45
2022-05-23,4080.97,4053.98,4080.97,4029.08,130477811,225981542400.0,1.27,-0.58,-23.62,0.4
2022-05-24,4052.87,3959.15,4055.78,3959.15,145554337,247713038336.0,2.38,-2.34,-94.83,0.45
2022-05-25,3959.77,3983.18,3983.62,3946.81,107734016,188700536832.0,0.93,0.61,24.03,0.33
2022-05-26,3987.68,3993.04,4015.75,3938.24,126263690,216987025408.0,1.95,0.25,9.86,0.39
2022-05-27,4022.71,4001.3,4051.14,3983.38,112769336,206944428032.0,1.7,0.21,8.26,0.35
2022-05-30,4020.86,4029.02,4040.82,4003.38,111152241,211144720384.0,0.94,0.69,27.72,0.34
2022-05-31,4031.76,4091.52,4096.2,4020.38,135415514,267770089472.0,1.88,1.55,62.5,0.41
2022-06-01,4086.62,4083.18,4094.9,4058.85,114850880,225416237056.0,0.88,-0.2,-8.34,0.35
2022-06-02,4064.0,4089.57,4091.15,4057.91,113893637,222657536000.0,0.81,0.16,6.39,0.35
2022-06-06,4090.53,4166.09,4166.62,4063.91,167871012,324075626496.0,2.51,1.87,76.52,0.51
2022-06-07,4165.69,4179.13,4198.09,4155.17,142992881,285733724160.0,1.03,0.31,13.04,0.44
2022-06-08,4187.15,4219.81,4224.81,4158.03,157374057,319480254464.0,1.6,0.97,40.68,0.48
2022-06-09,4211.72,4175.67,4227.45,4160.88,168449155,285172805632.0,1.58,-1.05,-44.14,0.52
2022-06-10,4145.65,4238.99,4241.35,4140.22,184796214,324091441152.0,2.42,1.52,63.32,0.57
2022-06-13,4194.46,4189.35,4218.23,4156.71,168475622,336585670656.0,1.45,-1.17,-49.64,0.52
2022-06-14,4143.22,4222.31,4224.09,4102.93,171385905,335418556416.0,2.89,0.79,32.96,0.52
2022-06-15,4228.29,4278.22,4348.42,4228.29,257046589,459766820864.0,2.85,1.32,55.91,0.79
2022-06-16,4282.08,4250.06,4302.92,4241.08,184074417,337235910656.0,1.45,-0.66,-28.16,0.56
2022-06-17,4219.23,4309.04,4318.77,4218.68,158649098,346675728384.0,2.36,1.39,58.98,0.49
2022-06-20,4322.83,4330.43,4368.36,4297.89,165666383,359569297408.0,1.64,0.5,21.39,0.51
2022-06-21,4327.92,4325.57,4357.34,4287.14,164667615,317163319296.0,1.62,-0.11,-4.86,0.5
2022-06-22,4331.9,4270.62,4333.18,4269.25,158565855,298656264192.0,1.48,-1.27,-54.95,0.49
2022-06-23,4277.96,4343.88,4343.88,4260.9,170882360,327144779776.0,1.94,1.72,73.26,0.52
2022-06-24,4354.55,4394.77,4400.69,4346.12,168972198,356054749184.0,1.26,1.17,50.89,0.52
2022-06-27,4414.33,4444.26,4472.69,4414.33,177385677,381432967168.0,1.33,1.13,49.49,0.54
2022-06-28,4442.58,4490.52,4497.89,4407.35,174756490,361685970944.0,2.04,1.04,46.26,0.54
2022-06-29,4472.73,4421.36,4503.13,4414.0,187276687,395926106112.0,1.98,-1.54,-69.16,0.57
2022-06-30,4418.07,4485.01,4515.0,4418.07,156666289,354343886848.0,2.19,1.44,63.65,0.48
2022-07-01,4489.52,4466.72,4500.99,4449.29,144779599,318492131328.0,1.15,-0.41,-18.29,0.44
2022-07-04,4447.22,4496.03,4496.03,4427.82,146345651,356968521728.0,1.53,0.66,29.31,0.45
2022-07-05,4505.46,4489.54,4530.32,4439.45,154962414,361891852288.0,2.02,-0.14,-6.49,0.47
2022-07-06,4475.48,4423.97,4484.36,4393.42,149800236,344672706560.0,2.03,-1.46,-65.57,0.46
2022-07-07,4425.28,4443.47,4457.34,4391.19,132660905,328133132288.0,1.5,0.44,19.5,0.41
2022-07-08,4468.06,4428.78,4479.49,4426.89,123195740,304031109120.0,1.18,-0.33,-14.69,0.38
2022-07-11,4406.15,4354.62,4406.15,4330.58,134448579,299195232256.0,1.71,-1.67,-74.16,0.41
2022-07-12,4352.65,4313.62,4370.34,4296.62,130187837,291072311296.0,1.69,-0.94,-41.0,0.4
2022-07-13,4313.36,4321.46,4341.47,4284.94,131113180,286075543552.0,1.31,0.18,7.84,0.4
2022-07-14,4308.82,4322.07,4352.1,4292.76,145250926,301569859584.0,1.37,0.01,0.61,0.44
2022-07-15,4299.47,4248.53,4344.86,4248.53,150214453,316793192669.9,2.23,-1.7,-73.54,0.46
2022-07-18,4262.15,4292.59,4300.78,4217.51,122601192,281055128639.5,1.96,1.04,44.06,0.38
2022-07-19,4288.44,4269.34,4288.44,4238.82,103805730,231117731807.1,1.16,-0.54,-23.25,0.32
2022-07-20,4291.28,4283.8,4303.37,4269.97,94490144,212301881407.6,0.78,0.34,14.46,0.29
2022-07-21,4270.36,4236.06,4283.15,4236.05,117156344,239228146811.6,1.1,-1.11,-47.74,0.36
2022-07-22,4251.79,4238.23,4275.47,4207.31,103840624,224295333457.3,1.61,0.05,2.17,0.32
2022-07-25,4233.93,4212.64,4234.84,4201.92,83636664,188136426672.8,0.78,-0.6,-25.59,0.26
2022-07-26,4220.09,4245.98,4259.99,4214.53,85823274,197601406373.7,1.08,0.79,33.34,0.26
2022-07-27,4236.15,4225.04,4242.1,4217.28,78904940,194245303807.2,0.58,-0.49,-20.94,0.24
2022-07-28,4242.27,4225.67,4267.92,4223.03,107531930,243871486471.5,1.06,0.01,0.63,0.33
2022-07-29,4226.42,4170.1,4243.51,4160.87,114179286,253198574647.5,1.96,-1.32,-55.57,0.35
2022-08-01,4160.65,4188.68,4196.57,4129.45,107749029,251125308597.5,1.61,0.45,18.58,0.33
2022-08-02,4144.38,4107.02,4144.38,4071.43,142224425,281013555279.9,1.74,-1.95,-81.66,0.44
2022-08-03,4114.83,4066.98,4150.98,4058.18,116666124,268695834765.4,2.26,-0.97,-40.04,0.36
2022-08-04,4089.44,4101.54,4108.16,4064.66,89532644,216898674902.2,1.07,0.85,34.56,0.27
2022-08-05,4109.63,4156.91,4159.49,4097.86,102571004,247325902015.1,1.5,1.35,55.37,0.31
2022-08-08,4142.11,4148.07,4155.73,4135.08,90208138,224080812054.7,0.5,-0.21,-8.84,0.28
2022-08-09,4143.67,4156.29,4161.81,4131.43,84136959,214223692260.1,0.73,0.2,8.22,0.26
2022-08-10,4149.21,4109.74,4160.79,4092.55,85565839,217447368470.0,1.64,-1.12,-46.55,0.26
2022-08-11,4130.74,4193.54,4193.81,4116.06,121385051,269630998406.8,1.89,2.04,83.8,0.37
2022-08-12,4185.42,4191.15,4202.47,4175.05,106808295,219208055254.9,0.65,-0.06,-2.39,0.33
2022-08-15,4180.0,4185.68,4219.92,4174.3,105898495,245539800985.4,1.09,-0.13,-5.47,0.32
2022-08-16,4190.53,4177.84,4208.8,4170.52,93906139,233818584731.5,0.91,-0.19,-7.84,0.29
2022-08-17,4182.57,4216.96,4222.79,4155.17,112864659,252044325051.7,1.62,0.94,39.12,0.35
2022-08-18,4205.79,4180.1,4211.91,4173.54,101052650,233115491389.8,0.91,-0.87,-36.86,0.31
2022-08-19,4174.55,4151.07,4185.66,4151.07,117402978,262494128152.3,0.83,-0.69,-29.03,0.36
2022-08-22,4135.16,4181.4,4183.65,4134.2,112442720,259747163698.2,1.19,0.73,30.33,0.34
2022-08-23,4175.53,4161.08,4187.39,4147.41,103153512,239101330833.1,0.96,-0.49,-20.32,0.32
2022-08-24,4168.58,4082.42,4174.16,4079.09,119069679,262844309316.1,2.28,-1.89,-78.66,0.36
2022-08-25,4093.29,4116.24,4119.62,4058.75,111320745,242149581477.5,1.49,0.83,33.82,0.34
2022-08-26,4127.81,4107.55,4139.79,4102.68,99000493,225519196800.4,0.9,-0.21,-8.69,0.3
2022-08-29,4063.88,4089.52,4092.95,4059.6,94354432,203086114712.3,0.81,-0.44,-18.03,0.29
2022-08-30,4088.53,4075.79,4093.14,4048.52,93301662,192649001277.8,1.09,-0.34,-13.73,0.29
2022-08-31,4057.14,4078.84,4112.85,4046.62,132449765,292974665546.2,1.62,0.07,3.05,0.41
2022-09-01,4066.19,4043.74,4090.89,4041.13,97387071,210898503453.9,1.22,-0.86,-35.1,0.3
2022-09-02,4054.84,4023.61,4056.18,4004.91,86789278,184468327005.7,1.27,-0.5,-20.13,0.27
2022-09-05,4010.41,4015.43,4017.0,3982.74,93767109,201118696559.4,0.85,-0.2,-8.18,0.29
2022-09-06,4024.47,4052.28,4054.0,4009.58,113506265,235921838118.4,1.11,0.92,36.85,0.35
2022-09-07,4032.72,4054.98,4067.54,4028.37,107678059,215147152182.0,0.97,0.07,2.7,0.33
2022-09-08,4059.17,4037.68,4067.76,4036.02,100886049,186889047980.8,0.78,-0.43,-17.3,0.31
2022-09-09,4050.59,4093.79,4099.01,4042.25,118427114,221442547204.1,1.41,1.39,56.11,0.36
2022-09-13,4112.01,4111.11,4128.11,4097.14,111789737,218521062135.8,0.76,0.42,17.32,0.34
2022-09-14,4058.04,4065.36,4089.06,4047.92,90793681,185484965110.5,1.0,-1.11,-45.75,0.28
2022-09-15,4078.65,4027.12,4088.81,3998.86,123951196,254367492776.0,2.21,-0.94,-38.24,0.38
2022-09-16,4013.58,3932.68,4019.41,3932.68,137193655,241251840050.3,2.15,-2.35,-94.44,0.42
2022-09-19,3928.42,3928.0,3953.65,3910.31,97719575,183574440581.8,1.1,-0.12,-4.68,0.3
2022-09-20,3945.65,3932.84,3957.55,3921.69,84824134,179248153537.9,0.91,0.12,4.84,0.26
2022-09-21,3921.32,3903.73,3924.39,3884.23,86458391,168939074342.6,1.02,-0.74,-29.11,0.26
2022-09-22,3875.18,3869.34,3900.27,3860.23,80946919,161134102784.4,1.03,-0.88,-34.39,0.25
2022-09-23,3865.1,3856.02,3888.4,3829.69,94342462,172904807364.4,1.52,-0.34,-13.32,0.29
2022-09-26,3829.6,3836.68,3893.32,3827.95,104526031,192906200253.8,1.7,-0.5,-19.34,0.32
2022-09-27,3844.07,3892.3,3893.03,3827.93,88860160,185955247353.4,1.7,1.45,55.62,0.27
2022-09-28,3879.44,3828.71,3879.44,3828.05,86592213,172438042788.2,1.32,-1.63,-63.59,0.27
2022-09-29,3864.32,3827.14,3873.18,3808.65,85654142,171635940007.5,1.69,-0.04,-1.57,0.26
2022-09-30,3833.35,3804.89,3848.6,3801.28,78559966,158692748773.3,1.24,-0.58,-22.25,0.24
2022-10-10,3806.56,3720.94,3807.46,3715.71,102647595,194635904094.3,2.41,-2.21,-83.95,0.31
2022-10-11,3732.02,3727.69,3739.81,3706.06,83944625,166800394853.2,0.91,0.18,6.75,0.26
2022-10-12,3722.87,3784.31,3784.31,3661.53,108089319,210931362291.5,3.29,1.52,56.62,0.33
2022-10-13,3756.42,3752.67,3783.6,3749.64,99018915,198368891548.5,0.9,-0.84,-31.64,0.3
2022-10-14,3783.32,3842.47,3863.23,3780.84,116242293,256551271975.0,2.2,2.39,89.8,0.36
2022-10-17,3822.24,3846.41,3849.62,3809.12,104192019,220488874406.8,1.05,0.1,3.94,0.32
2022-10-18,3865.83,3838.27,3870.22,3831.17,88346907,186556295765.5,1.02,-0.21,-8.14,0.27
2022-10-19,3827.47,3776.53,3840.49,3776.53,81574844,186736408229.7,1.67,-1.61,-61.74,0.25
2022-10-20,3746.58,3754.93,3804.25,3726.79,90290895,203781618922.2,2.05,-0.57,-21.6,0.28
2022-10-21,3753.89,3742.89,3768.69,3724.69,98750038,180686357677.0,1.17,-0.32,-12.04,0.3
2022-10-24,3727.92,3633.37,3762.16,3619.99,130056864,259450743134.0,3.8,-2.93,-109.52,0.4
2022-10-25,3621.94,3627.45,3670.73,3594.7,110953882,219302759596.7,2.09,-0.16,-5.92,0.34
2022-10-26,3633.31,3656.9,3700.88,3633.31,121301548,242453810571.9,1.86,0.81,29.45,0.37
2022-10-27,3667.66,3631.14,3685.08,3631.06,117998675,257473315676.0,1.48,-0.7,-25.76,0.36
2022-10-28,3605.16,3541.33,3618.86,3533.5,118772162,245816451977.6,2.35,-2.47,-89.81,0.36
2022-10-31,3504.51,3508.7,3553.39,3495.95,138465655,256574822102.2,1.62,-0.92,-32.63,0.42
2022-11-01,3519.82,3634.17,3634.17,3517.62,149286698,295089928407.3,3.32,3.58,125.47,0.46
2022-11-02,3620.37,3677.81,3703.47,3610.8,141592919,291648245712.0,2.55,1.2,43.64,0.43
2022-11-03,3645.06,3647.9,3670.16,3628.5,110566035,215379297964.4,1.13,-0.81,-29.91,0.34
2022-11-04,3646.77,3767.17,3782.88,3646.77,149734949,311145477555.0,3.73,3.27,119.27,0.46
2022-11-07,3754.52,3775.3,3792.79,3746.37,129826371,251195699936.5,1.23,0.22,8.13,0.4
2022-11-08,3773.66,3749.33,3779.12,3723.34,99016451,193351324896.7,1.48,-0.69,-25.97,0.3
2022-11-09,3750.78,3714.27,3760.41,3711.27,89434525,172029529943.6,1.31,-0.94,-35.06,0.27
2022-11-10,3685.83,3685.69,3701.53,3665.06,103509302,183155308702.9,0.98,-0.77,-28.58,0.32
2022-11-11,3787.76,3788.44,3828.9,3747.09,189685586,344471326267.1,2.22,2.79,102.75,0.58
2022-11-14,3818.14,3794.02,3848.41,3781.78,169665048,315536856084.6,1.76,0.15,5.58,0.52
2022-11-15,3788.93,3865.97,3871.64,3775.5,151515650,296268142768.9,2.53,1.9,71.95,0.46
2022-11-16,3860.81,3834.39,3877.68,3829.31,120610964,235844588244.6,1.25,-0.82,-31.58,0.37
2022-11-17,3821.27,3818.66,3821.74,3776.57,105940632,219540811334.9,1.18,-0.41,-15.73,0.32
2022-11-18,3823.82,3801.57,3840.3,3801.57,115078777,224276131007.5,1.01,-0.45,-17.09,0.35
2022-11-21,3769.63,3769.13,3769.87,3734.0,95866966,188230373665.4,0.94,-0.85,-32.44,0.29
2022-11-22,3766.08,3769.57,3809.86,3751.04,144486334,203490828432.2,1.56,0.01,0.44,0.44
2022-11-23,3760.22,3773.53,3791.18,3753.21,144527911,201070601177.9,1.01,0.11,3.96,0.44
2022-11-24,3791.54,3756.81,3804.9,3751.38,101073447,160698921546.2,1.42,-0.44,-16.72,0.31
2022-11-25,3751.28,3775.78,3790.57,3743.41,142929711,191711040706.5,1.26,0.5,18.97,0.44
2022-11-28,3701.9,3733.24,3736.08,3672.13,127825748,196305561705.9,1.69,-1.13,-42.54,0.39
2022-11-29,3766.57,3848.42,3854.77,3766.57,178701392,289062336430.7,2.36,3.09,115.18,0.55
2022-11-30,3836.56,3853.04,3867.66,3833.83,157511400,250051468093.3,0.88,0.12,4.62,0.48
2022-12-01,3921.3,3894.77,3944.56,3893.87,169964585,306678195716.4,1.32,1.08,41.73,0.52
2022-12-02,3886.4,3870.95,3898.11,3865.88,116786350,201253166362.9,0.83,-0.61,-23.82,0.36
2022-12-05,3907.64,3946.88,3947.48,3900.67,201747221,296615512326.6,1.21,1.96,75.93,0.62
2022-12-06,3929.01,3968.2,3988.9,3923.0,155108323,275583430840.8,1.67,0.54,21.32,0.48
2022-12-07,3956.67,3958.44,3999.59,3944.18,143001356,255490829027.1,1.4,-0.25,-9.76,0.44
2022-12-08,3953.2,3959.18,3971.49,3941.3,115199986,198037690481.4,0.76,0.02,0.74,0.35
2022-12-09,3961.99,3998.24,4003.32,3944.44,153774954,268166789656.9,1.49,0.99,39.06,0.47
2022-12-12,3976.17,3953.44,3983.43,3950.32,125935368,227606300936.9,0.83,-1.12,-44.8,0.39
2022-12-13,3953.55,3945.68,3964.4,3939.98,100994100,184020700110.0,0.62,-0.2,-7.76,0.31
2022-12-14,3952.79,3954.89,3972.74,3935.77,98528006,196175108617.2,0.94,0.23,9.21,0.3
2022-12-15,3954.67,3951.99,3963.5,3926.5,88864725,181994889123.4,0.94,-0.07,-2.9,0.27
2022-12-16,3931.23,3954.23,3960.47,3929.49,93178567,167488442588.9,0.78,0.06,2.24,0.29
2022-12-19,3952.77,3893.22,3966.57,3878.44,106919075,180801387702.4,2.23,-1.54,-61.01,0.33
2022-12-20,3881.23,3829.02,3881.27,3811.48,83096822,164046440873.7,1.79,-1.65,-64.2,0.25
2022-12-21,3839.0,3830.54,3853.73,3821.4,64839215,123450040359.8,0.84,0.04,1.52,0.2
2022-12-22,3859.2,3836.03,3882.13,3821.34,83705173,163970306950.9,1.59,0.14,5.49,0.26
2022-12-23,3811.62,3828.22,3848.34,3805.95,65278148,130559415565.7,1.11,-0.2,-7.81,0.2
2022-12-26,3830.57,3843.49,3856.81,3827.52,73005712,148692832422.1,0.77,0.4,15.27,0.22
2022-12-27,3860.91,3887.85,3891.85,3856.58,77515350,152032206630.9,0.92,1.15,44.36,0.24
2022-12-28,3874.91,3871.26,3884.72,3854.94,84424656,160671122030.7,0.77,-0.43,-16.59,0.26
2022-12-29,3854.24,3856.7,3868.29,3838.48,79394815,149011372437.3,0.77,-0.38,-14.56,0.24
2022-12-30,3873.94,3871.63,3887.55,3868.76,78773272,148295049381.5,0.49,0.39,14.93,0.24
2023-01-03,3864.84,3887.9,3893.99,3831.25,115051875,207540165953.2,1.62,0.42,16.27,0.35
2023-01-04,3886.25,3892.95,3905.9,3873.65,110660743,198997711686.0,0.83,0.13,5.05,0.34
2023-01-05,3913.49,3968.58,3974.88,3912.26,116502395,256312608292.0,1.61,1.94,75.63,0.36
2023-01-06,3969.55,3980.89,4000.41,3966.47,110953038,235744305582.2,0.86,0.31,12.31,0.34
2023-01-09,3998.53,4013.12,4023.09,3990.71,117054425,233212426458.1,0.81,0.81,32.23,0.36
2023-01-10,4014.71,4017.47,4030.46,4002.23,101751141,214871166239.5,0.7,0.11,4.35,0.31
2023-01-11,4019.88,4010.03,4043.4,4008.02,99997889,203000262960.6,0.88,-0.19,-7.44,0.31
2023-01-12,4021.75,4017.87,4030.29,4003.51,90552627,183686268106.8,0.67,0.2,7.84,0.28
2023-01-13,4032.29,4074.38,4074.38,4027.89,95871896,212173997498.4,1.16,1.41,56.51,0.29
2023-01-16,4077.88,4137.96,4177.1,4076.64,151395455,319007749371.3,2.47,1.56,63.58,0.46
2023-01-17,4138.84,4137.24,4148.58,4118.16,95479040,204381576523.4,0.74,-0.02,-0.72,0.29
2023-01-18,4140.1,4130.31,4151.46,4125.77,84200645,172126171819.2,0.62,-0.17,-6.93,0.26
2023-01-19,4125.58,4156.01,4156.01,4105.98,94608398,192699589774.1,1.21,0.62,25.7,0.29
2023-01-20,4166.84,4181.53,4189.83,4161.67,123553809,222342455100.7,0.68,0.61,25.52,0.38
2023-01-30,4267.62,4201.35,4268.15,4197.86,164607064,330193322092.2,1.68,0.47,19.82,0.5
2023-01-31,4200.58,4156.86,4212.73,4153.05,124550835,249365321627.1,1.42,-1.06,-44.49,0.38
2023-02-01,4170.13,4195.93,4195.93,4137.77,141008954,265553944709.3,1.4,0.94,39.07,0.43
2023-02-02,4207.41,4181.15,4207.41,4170.56,133823736,262497434837.0,0.88,-0.35,-14.78,0.41
2023-02-03,4162.03,4141.63,4162.03,4103.17,117041221,226914770043.9,1.41,-0.95,-39.52,0.36
2023-02-06,4103.83,4086.88,4105.94,4065.22,110192717,226345113968.7,0.98,-1.32,-54.75,0.34
2023-02-07,4098.31,4094.23,4107.34,4077.96,91360072,183537351577.1,0.72,0.18,7.35,0.28
2023-02-08,4099.86,4076.14,4111.47,4072.65,84786099,170591751817.3,0.95,-0.44,-18.09,0.26
2023-02-09,4067.56,4130.86,4130.86,4064.75,102289961,211722604859.2,1.62,1.34,54.72,0.31
2023-02-10,4124.1,4106.31,4125.29,4092.35,96716733,195348320573.4,0.8,-0.59,-24.55,0.3
2023-02-13,4098.88,4143.57,4146.45,4092.27,128892577,251990181553.9,1.32,0.91,37.26,0.39
2023-02-14,4151.25,4145.29,4152.05,4125.26,102499890,204915435749.9,0.65,0.04,1.72,0.31
2023-02-15,4146.85,4123.69,4153.72,4115.97,121664508,219855528966.4,0.91,-0.52,-21.6,0.37
2023-02-16,4125.41,4093.49,4167.9,4068.86,159310585,281315625588.6,2.4,-0.73,-30.2,0.49
2023-02-17,4086.22,4034.51,4104.64,4032.93,116142589,225737746955.0,1.75,-1.44,-58.98,0.36
2023-02-20,4039.96,4133.49,4134.86,4035.48,161794481,280122962150.4,2.46,2.45,98.98,0.5
2023-02-21,4130.06,4144.35,4151.8,4116.27,145776173,249674201048.2,0.86,0.26,10.86,0.45
2023-02-22,4118.97,4106.95,4134.88,4101.86,104290295,191586158991.2,0.8,-0.9,-37.4,0.32
2023-02-23,4106.21,4103.65,4132.39,4088.21,103564906,197193582430.1,1.08,-0.08,-3.3,0.32
2023-02-24,4100.99,4061.05,4102.61,4048.24,100989425,191210465053.2,1.32,-1.04,-42.6,0.31
2023-02-27,4040.46,4043.84,4067.03,4034.52,93787630,187959491145.3,0.8,-0.42,-17.21,0.29
2023-02-28,4058.13,4069.46,4074.26,4026.45,110323591,198799712379.1,1.18,0.63,25.62,0.34
2023-03-01,4068.73,4126.94,4135.48,4061.22,156015794,255374791015.7,1.82,1.41,57.48,0.48
2023-03-02,4119.99,4117.74,4137.25,4113.83,148217637,235953764969.5,0.57,-0.22,-9.2,0.45
2023-03-03,4126.02,4130.55,4135.21,4100.38,160331741,226914545628.4,0.85,0.31,12.81,0.49
2023-03-06,4131.15,4109.01,4132.84,4088.45,162971807,283079861971.5,1.07,-0.52,-21.54,0.5
2023-03-07,4103.64,4048.85,4124.96,4046.57,195912068,272491994009.2,1.91,-1.46,-60.16,0.6
2023-03-08,4030.74,4034.11,4037.29,4011.52,117936493,191659655190.9,0.64,-0.36,-14.74,0.36
2023-03-09,4035.84,4019.85,4043.85,4000.89,116539629,201737990686.8,1.06,-0.35,-14.26,0.36
2023-03-10,3991.8,3967.14,4004.36,3966.43,123855409,218286956131.0,0.94,-1.31,-52.71,0.38
2023-03-13,3962.64,4008.69,4008.69,3962.64,143561370,242865516757.6,1.16,1.05,41.55,0.44
2023-03-14,3999.88,3984.7,4001.94,3946.94,150544174,267224848810.5,1.37,-0.6,-23.99,0.46
2023-03-15,4011.84,3986.9,4018.75,3986.9,142026007,232101093978.6,0.8,0.06,2.2,0.44
2023-03-16,3958.2,3939.15,3981.32,3936.48,152515644,246264286428.0,1.12,-1.2,-47.75,0.47
2023-03-17,3971.16,3958.82,4004.22,3945.25,177433818,305541015556.1,1.5,0.5,19.67,0.54
2023-03-20,3962.66,3939.08,3979.55,3935.02,205264970,319760032638.0,1.12,-0.5,-19.74,0.63
2023-03-21,3948.16,3982.38,3982.7,3948.16,145090679,251631985016.9,0.88,1.1,43.3,0.44
2023-03-22,3993.78,3999.44,4016.45,3986.71,149228970,265180992104.1,0.75,0.43,17.06,0.46
2023-03-23,3985.99,4039.09,4039.09,3984.0,158887421,296479529467.0,1.38,0.99,39.65,0.49
2023-03-24,4035.16,4027.05,4037.84,4017.0,159442330,295785588943.1,0.52,-0.3,-12.04,0.49
2023-03-27,4023.3,4012.48,4023.3,3987.03,168482279,315474696948.0,0.9,-0.36,-14.57,0.52
2023-03-28,4015.7,3999.51,4023.78,3994.6,131895117,248736920971.8,0.73,-0.32,-12.97,0.4
2023-03-29,4013.59,4006.14,4017.76,3992.67,133743510,263866922733.1,0.63,0.17,6.63,0.41
2023-03-30,4009.56,4038.53,4040.5,3983.9,149901037,280004715991.0,1.41,0.81,32.39,0.46
2023-03-31,4045.45,4050.93,4063.57,4039.96,138842546,279863685781.0,0.58,0.31,12.4,0.43
2023-04-03,4059.62,4090.57,4094.94,4059.06,182124313,382895558426.0,0.89,0.98,39.64,0.56
2023-04-04,4089.29,4103.11,4103.16,4080.07,197146631,394443175146.2,0.56,0.31,12.54,0.6
2023-04-06,4084.13,4096.64,4098.83,4078.4,150703374,328981851588.3,0.5,-0.16,-6.47,0.46
2023-04-07,4096.9,4123.28,4131.31,4092.18,128676738,286567771883.1,0.96,0.65,26.64,0.39
2023-04-10,4132.01,4104.81,4132.3,4099.05,152453002,340822557207.6,0.81,-0.45,-18.47,0.47
2023-04-11,4108.51,4100.15,4116.12,4083.49,153901333,324192951998.7,0.79,-0.11,-4.66,0.47
2023-04-12,4102.4,4097.29,4108.25,4090.28,165965278,325425226403.2,0.44,-0.07,-2.86,0.51
2023-04-13,4081.39,4068.98,4088.88,4059.57,156444295,300291020752.9,0.72,-0.69,-28.31,0.48
2023-04-14,4078.97,4092.0,4098.22,4075.2,150695682,306201501438.7,0.57,0.57,23.02,0.46
2023-04-17,4090.07,4149.38,4149.38,4089.51,188773095,341831272792.7,1.46,1.4,57.38,0.58
2023-04-18,4139.31,4162.03,4169.67,4138.46,170184130,331545662315.6,0.75,0.3,12.65,0.52
2023-04-19,4159.39,4124.56,4159.39,4118.63,162554592,312219504522.6,0.98,-0.9,-37.47,0.5
2023-04-20,4122.95,4113.02,4125.82,4094.0,162706677,332172409512.0,0.77,-0.28,-11.54,0.5
2023-04-21,4114.26,4032.57,4114.26,4031.91,180802435,347852011602.5,2.0,-1.96,-80.45,0.55
2023-04-24,4031.3,3982.64,4033.64,3967.91,170099217,328375614674.3,1.63,-1.24,-49.93,0.52
2023-04-25,3985.11,3962.67,3991.69,3925.44,172555409,331110619767.7,1.66,-0.5,-19.97,0.53
2023-04-26,3950.26,3959.23,3975.66,3934.66,162702006,322062811333.5,1.03,-0.09,-3.44,0.5
2023-04-27,3948.03,3988.42,3999.13,3942.82,153828195,304804002557.4,1.42,0.74,29.19,0.47
2023-04-28,3993.26,4029.09,4030.45,3993.26,179508488,328936294025.2,0.93,1.02,40.67,0.55
2023-05-04,4013.47,4030.25,4035.78,4001.13,227582846,345492506049.3,0.86,0.03,1.16,0.7
2023-05-05,4031.09,4016.88,4047.6,3998.39,206626924,307694489937.0,1.22,-0.33,-13.37,0.63
2023-05-08,4028.11,4062.66,4070.77,4018.96,255583085,359539954170.1,1.29,1.14,45.78,0.78
2023-05-09,4065.44,4027.88,4092.85,4026.39,279306048,396422120420.6,1.64,-0.86,-34.78,0.86
2023-05-10,4017.94,3996.87,4019.06,3984.63,207552709,309484851741.1,0.85,-0.77,-31.01,0.64
2023-05-11,4005.78,3990.66,4018.06,3988.48,144804619,241052071431.6,0.74,-0.16,-6.21,0.44
2023-05-12,3987.77,3937.76,3999.38,3937.53,144421728,228992923388.1,1.55,-1.33,-52.9,0.44
2023-05-15,3938.83,3998.89,3998.89,3923.03,176257362,279531163508.4,1.93,1.55,61.13,0.54
2023-05-16,4002.52,3978.21,4005.02,3966.99,136833271,234840652671.0,0.95,-0.52,-20.68,0.42
2023-05-17,3971.7,3960.17,3982.6,3945.71,118448185,205195685976.4,0.93,-0.45,-18.04,0.36
2023-05-18,3965.52,3956.07,3982.72,3939.55,136533947,229134184412.9,1.09,-0.1,-4.1,0.42
2023-05-19,3946.22,3944.54,3967.28,3928.32,120212479,207094944781.3,0.98,-0.29,-11.53,0.37
2023-05-22,3941.0,3969.33,3985.4,3935.8,109116605,202185550245.9,1.26,0.63,24.79,0.33
2023-05-23,3968.23,3913.19,3971.94,3913.19,118685077,189955815340.0,1.48,-1.41,-56.14,0.36
2023-05-24,3903.78,3859.09,3903.78,3859.09,137258265,211768410520.2,1.14,-1.38,-54.1,0.42
2023-05-25,3851.41,3850.5,3861.38,3817.84,124150770,213313620055.3,1.13,-0.22,-8.59,0.38
2023-05-26,3848.42,3850.95,3859.63,3815.57,100326439,191537814872.5,1.14,0.01,0.45,0.31
2023-05-29,3862.08,3833.94,3866.72,3819.18,131859967,230095604813.4,1.23,-0.44,-17.01,0.4
2023-05-30,3827.79,3837.75,3844.01,3789.27,137619629,244566265534.9,1.43,0.1,3.81,0.42
2023-05-31,3827.16,3798.54,3827.16,3781.4,126387368,235606123947.6,1.19,-1.02,-39.21,0.39
2023-06-01,3788.59,3806.87,3832.21,3786.73,134561881,241829546409.4,1.2,0.22,8.33,0.41
2023-06-02,3821.62,3861.83,3865.28,3821.62,125015110,232696547130.8,1.15,1.44,54.96,0.38
2023-06-05,3860.56,3844.25,3860.56,3832.46,116163989,211144360143.7,0.73,-0.46,-17.58,0.36
2023-06-06,3840.46,3808.16,3867.85,3802.84,125781258,222091722592.2,1.69,-0.94,-36.09,0.39
2023-06-07,3815.48,3789.34,3823.11,3780.1,98862432,189879792179.6,1.13,-0.49,-18.82,0.3
2023-06-08,3791.08,3820.19,3834.39,3777.78,118700934,199119300649.7,1.49,0.81,30.85,0.36
2023-06-09,3822.41,3836.7,3836.7,3811.22,134319863,247296087070.9,0.67,0.43,16.51,0.41
2023-06-12,3827.33,3844.43,3859.72,3813.86,126758543,240791270473.5,1.2,0.2,7.73,0.39
2023-06-13,3838.13,3864.91,3867.3,3833.46,110924946,225435215314.9,0.88,0.53,20.48,0.34
2023-06-14,3872.72,3864.02,3891.67,3862.06,124955759,243932581183.9,0.77,-0.02,-0.89,0.38
2023-06-15,3871.77,3925.5,3925.5,3871.77,128369938,282635910894.2,1.39,1.59,61.48,0.39
2023-06-16,3932.21,3963.35,3968.01,3928.54,139760076,280374762837.8,1.01,0.96,37.85,0.43
2023-06-19,3957.03,3930.91,3957.03,3922.47,134905848,268213068579.8,0.87,-0.82,-32.44,0.41
2023-06-20,3926.09,3924.24,3937.49,3918.47,122520318,266274081286.8,0.48,-0.17,-6.67,0.38
2023-06-21,3909.1,3864.03,3920.13,3864.03,118346575,243630705591.5,1.43,-1.53,-60.21,0.36
2023-06-26,3833.44,3809.7,3841.29,3801.05,133990419,247713845779.5,1.04,-1.41,-54.33,0.41
2023-06-27,3811.69,3845.43,3851.9,3806.32,116992681,210097713687.6,1.2,0.94,35.73,0.36
2023-06-28,3836.61,3840.8,3846.85,3808.16,107021541,206187959876.8,1.01,-0.12,-4.63,0.33
2023-06-29,3836.73,3821.84,3840.71,3817.38,98289274,204110031407.8,0.61,-0.49,-18.96,0.3
2023-06-30,3816.33,3842.45,3860.03,3813.55,101268429,208146272909.3,1.22,0.54,20.61,0.31
2023-07-03,3853.29,3892.88,3897.33,3853.29,133158051,256876520211.7,1.15,1.31,50.43,0.41
2023-07-04,3888.03,3899.01,3899.98,3878.4,109494527,216335611421.8,0.55,0.16,6.13,0.34
2023-07-05,3895.19,3868.81,3899.52,3864.13,97636384,188400265050.6,0.91,-0.77,-30.2,0.3
2023-07-06,3857.03,3842.75,3876.89,3836.46,100121842,184742420862.3,1.05,-0.67,-26.06,0.31
2023-07-07,3831.6,3825.7,3844.84,3819.08,100906920,173918560673.0,0.67,-0.44,-17.05,0.31
2023-07-10,3841.56,3844.33,3865.46,3831.92,92033441,185360813110.7,0.88,0.49,18.63,0.28
2023-07-11,3853.8,3869.49,3870.65,3844.52,86510716,177585694368.3,0.68,0.65,25.16,0.26
2023-07-12,3864.6,3843.44,3874.04,3838.56,111522024,214046519056.1,0.92,-0.67,-26.05,0.34
2023-07-13,3855.66,3898.42,3901.1,3855.66,120300232,235278706834.5,1.18,1.43,54.98,0.37
2023-07-14,3904.6,3899.1,3908.49,3893.79,122364846,220230466522.9,0.38,0.02,0.68,0.37
2023-07-17,3881.62,3867.17,3881.62,3852.26,98340144,174623552807.4,0.75,-0.82,-31.93,0.3
2023-07-18,3871.04,3854.94,3871.04,3844.51,91438615,167104315117.1,0.69,-0.32,-12.23,0.28
2023-07-19,3848.48,3850.87,3860.01,3830.41,79585700,151311481029.8,0.77,-0.11,-4.07,0.24
2023-07-20,3857.77,3823.69,3875.62,3818.71,92042076,174320872139.8,1.48,-0.71,-27.18,0.28
2023-07-21,3816.98,3821.91,3849.51,3808.8,79507563,157144211209.3,1.06,-0.05,-1.78,0.24
2023-07-24,3803.35,3805.22,3828.79,3798.8,75483545,151448369566.2,0.78,-0.44,-16.69,0.23
2023-07-25,3866.64,3915.12,3915.81,3866.64,163066320,299853562168.1,1.29,2.89,109.9,0.5
2023-07-26,3908.17,3907.01,3912.98,3893.4,107881717,192912604792.0,0.5,-0.21,-8.11,0.33
2023-07-27,3914.23,3902.35,3935.36,3894.69,110667109,196845425513.3,1.04,-0.12,-4.66,0.34
2023-07-28,3889.79,3992.74,4000.92,3886.55,179735481,310092467404.5,2.93,2.32,90.39,0.55
2023-07-31,4018.89,4014.63,4064.36,4002.08,199606830,366544120003.6,1.56,0.55,21.89,0.61
2023-08-01,4009.18,3998.0,4031.7,3983.03,142286859,255620773637.6,1.21,-0.41,-16.63,0.44
2023-08-02,3985.7,3969.9,4008.33,3958.51,125855690,204875690923.8,1.25,-0.7,-28.1,0.39
2023-08-03,3962.13,4004.98,4005.0,3962.13,129006640,224809824820.3,1.08,0.88,35.08,0.4
2023-08-04,4033.72,4020.58,4058.24,4011.62,178267189,316529733837.7,1.16,0.39,15.6,0.55
2023-08-07,4002.97,3990.15,4002.97,3977.02,121310662,227090572750.9,0.65,-0.76,-30.43,0.37
2023-08-08,3980.04,3979.73,4002.29,3963.46,109871699,202611335313.8,0.97,-0.26,-10.42,0.34
2023-08-09,3967.36,3967.57,3982.11,3961.84,94640269,174394242765.3,0.51,-0.31,-12.16,0.29
2023-08-10,3962.86,3975.72,3976.46,3945.39,97176849,175646730198.2,0.78,0.21,8.15,0.3
2023-08-11,3977.98,3884.25,3977.98,3884.25,126082931,203546314647.4,2.36,-2.3,-91.47,0.39
2023-08-14,3840.89,3855.91,3859.47,3814.07,115966336,197623765246.4,1.17,-0.73,-28.34,0.36
2023-08-15,3858.37,3846.54,3865.28,3811.68,103097111,177437071692.5,1.39,-0.24,-9.37,0.32
2023-08-16,3830.83,3818.33,3852.42,3817.63,94616946,169323869027.6,0.9,-0.73,-28.21,0.29
2023-08-17,3801.2,3831.1,3836.15,3782.5,98415493,174093848242.9,1.41,0.33,12.77,0.3
2023-08-18,3832.46,3784.0,3844.2,3784.0,95549638,168445686988.2,1.57,-1.23,-47.1,0.29
2023-08-21,3773.23,3729.56,3782.11,3729.56,98708369,173379942906.6,1.39,-1.44,-54.44,0.3
2023-08-22,3748.07,3758.23,3770.06,3704.68,120318327,203463879671.8,1.75,0.77,28.67,0.37
2023-08-23,3751.77,3696.63,3756.17,3695.03,97081638,160476231586.9,1.63,-1.64,-61.6,0.3
2023-08-24,3711.54,3723.43,3748.86,3701.57,119614521,196257391083.7,1.28,0.72,26.8,0.37
2023-08-25,3703.51,3709.15,3734.22,3695.84,105182610,175601437172.9,1.03,-0.38,-14.28,0.32
2023-08-28,3911.55,3752.62,3911.55,3740.53,197990379,335047670966.8,4.61,1.17,43.47,0.61
2023-08-29,3743.05,3790.11,3810.38,3742.08,152486146,262134936751.0,1.82,1.0,37.49,0.47
2023-08-30,3803.12,3788.51,3813.7,3780.24,129671661,226727480838.7,0.88,-0.04,-1.6,0.4
2023-08-31,3786.93,3765.27,3794.0,3762.0,118961646,193577001342.0,0.84,-0.61,-23.24,0.36
2023-09-01,3778.91,3791.49,3808.53,3778.91,105319045,172219141586.1,0.79,0.7,26.22,0.32
2023-09-04,3812.99,3848.95,3854.26,3804.59,142385201,237934727924.3,1.31,1.52,57.46,0.44
2023-09-05,3839.58,3820.32,3839.58,3814.33,104052333,181377877955.3,0.66,-0.74,-28.63,0.32
2023-09-06,3808.1,3812.03,3817.52,3790.89,93442393,166081524007.2,0.7,-0.22,-8.29,0.29
2023-09-07,3802.23,3758.47,3802.23,3756.85,95103903,164405748827.5,1.19,-1.41,-53.56,0.29
2023-09-08,3747.65,3739.99,3753.26,3724.99,71638166,129197657303.1,0.75,-0.49,-18.48,0.22
2023-09-11,3740.58,3767.54,3788.32,3734.72,105358016,186871759441.3,1.43,0.74,27.55,0.32
2023-09-12,3764.33,3760.6,3775.09,3755.42,79385378,140117510233.3,0.52,-0.18,-6.94,0.24
2023-09-13,3759.61,3736.65,3768.82,3719.11,81576901,138238089912.5,1.32,-0.64,-23.95,0.25
2023-09-14,3736.94,3733.51,3748.82,3717.31,100386075,151578100463.9,0.84,-0.08,-3.14,0.31
2023-09-15,3740.79,3708.78,3749.02,3699.38,109395689,180398970938.3,1.33,-0.66,-24.73,0.34
2023-09-18,3698.93,3727.71,3737.53,3691.11,86727741,156966973910.5,1.25,0.51,18.93,0.27
2023-09-19,3723.42,3720.5,3724.07,3702.69,83199038,135216895229.4,0.57,-0.19,-7.21,0.25
2023-09-20,3715.96,3705.69,3718.52,3705.13,75448209,117691805957.2,0.36,-0.4,-14.81,0.23
2023-09-21,3698.31,3672.44,3708.46,3672.44,83031005,135011796555.2,0.97,-0.9,-33.25,0.25
2023-09-22,3672.64,3738.93,3740.42,3664.77,110231166,192236467362.8,2.06,1.81,66.49,0.34
2023-09-25,3738.06,3714.6,3738.06,3711.2,92596479,155793827361.5,0.72,-0.65,-24.33,0.28
2023-09-26,3711.71,3692.89,3723.85,3692.62,78044525,137808437774.8,0.84,-0.58,-21.71,0.24
2023-09-27,3694.96,3700.5,3731.14,3694.39,91629210,164790435265.8,1.0,0.21,7.61,0.28
2023-09-28,3711.21,3689.52,3716.06,3685.3,85221719,153500421344.0,0.83,-0.3,-10.98,0.26
2023-10-09,3678.93,3684.73,3694.17,3642.0,102148058,178072374748.1,1.41,-0.13,-4.79,0.31
2023-10-10,3696.25,3657.13,3701.26,3655.59,99163730,161938958924.8,1.24,-0.75,-27.6,0.3
2023-10-11,3674.75,3667.55,3689.53,3658.36,102091587,187667554126.6,0.85,0.28,10.42,0.31
2023-10-12,3697.93,3702.38,3711.5,3682.84,114363225,194598219817.3,0.78,0.95,34.83,0.35
2023-10-13,3677.96,3663.41,3678.19,3652.31,98287987,170152309003.0,0.7,-1.05,-38.97,0.3
2023-10-16,3664.04,3626.6,3664.04,3615.77,91853118,159537973598.4,1.32,-1.0,-36.81,0.28
2023-10-17,3635.3,3639.4,3645.57,3619.13,90745188,147056233347.4,0.73,0.35,12.8,0.28
2023-10-18,3631.07,3610.58,3632.06,3608.98,94545879,158982356667.4,0.63,-0.79,-28.82,0.29
2023-10-19,3588.52,3533.54,3588.52,3532.31,111737520,189194781843.9,1.56,-2.13,-77.04,0.34
2023-10-20,3518.35,3510.59,3535.66,3501.73,98518605,169591289145.3,0.96,-0.65,-22.95,0.3
2023-10-23,3500.2,3474.24,3505.35,3450.65,96561652,152054894179.0,1.56,-1.04,-36.35,0.3
2023-10-24,3481.76,3487.13,3495.0,3453.1,115547289,186529203442.0,1.21,0.37,12.89,0.35
2023-10-25,3524.3,3504.46,3531.83,3500.92,128009617,203691741119.2,0.89,0.5,17.33,0.39
2023-10-26,3484.78,3514.14,3515.57,3478.05,105143566,176088467225.8,1.07,0.28,9.68,0.32
2023-10-27,3501.17,3562.39,3576.59,3494.55,120225108,224301960437.0,2.33,1.37,48.25,0.37
2023-10-30,3554.11,3583.77,3592.72,3554.02,144010426,242973328094.4,1.09,0.6,21.38,0.44
2023-10-31,3581.68,3572.51,3581.68,3554.58,112587267,196317658324.1,0.76,-0.31,-11.26,0.34
2023-11-01,3605.76,3571.03,3606.41,3564.64,97645538,182943566435.3,1.17,-0.04,-1.48,0.3
2023-11-02,3580.07,3554.19,3597.17,3553.74,90359643,149465055433.9,1.22,-0.47,-16.84,0.28
2023-11-03,3558.53,3584.14,3596.1,3558.53,97542101,165865989200.3,1.06,0.84,29.95,0.3
2023-11-06,3608.32,3632.61,3635.79,3600.63,152982463,254465948110.4,0.98,1.35,48.47,0.47
2023-11-07,3623.78,3619.76,3628.46,3606.3,110288591,190433605310.7,0.61,-0.35,-12.85,0.34
2023-11-08,3610.64,3611.07,3627.05,3591.82,110594230,192594372352.5,0.97,-0.24,-8.69,0.34
2023-11-09,3603.11,3612.83,3624.41,3601.37,111872057,189355228591.7,0.64,0.05,1.76,0.34
2023-11-10,3596.07,3586.49,3599.45,3576.1,102107034,166924677328.3,0.65,-0.73,-26.34,0.31
2023-11-13,3593.91,3579.41,3599.39,3562.77,96707649,164821249624.7,1.02,-0.2,-7.08,0.3
2023-11-14,3581.1,3582.06,3600.15,3568.88,100884158,165935163426.2,0.87,0.07,2.65,0.31
2023-11-15,3616.88,3607.25,3620.6,3596.92,104929218,188932150500.6,0.66,0.7,25.19,0.32
2023-11-16,3600.98,3572.36,3605.29,3572.36,87464780,146629217157.8,0.91,-0.97,-34.89,0.27
2023-11-17,3561.31,3568.07,3573.68,3547.03,87319207,139621898705.2,0.75,-0.12,-4.29,0.27
2023-11-20,3569.73,3576.32,3586.97,3545.1,91080445,157449634694.0,1.17,0.23,8.25,0.28
2023-11-21,3587.88,3581.07,3615.06,3575.68,108594314,175922105929.9,1.1,0.13,4.75,0.33
2023-11-22,3569.44,3544.42,3574.38,3544.42,84784381,136041195538.9,0.84,-1.02,-36.65,0.26
2023-11-23,3541.44,3561.52,3562.07,3529.94,84800167,141499811490.9,0.91,0.48,17.1,0.26
2023-11-24,3560.65,3538.01,3560.65,3534.0,85018403,140101998555.3,0.75,-0.66,-23.51,0.26
2023-11-27,3534.44,3511.94,3534.44,3492.86,99102314,155975437035.7,1.18,-0.74,-26.07,0.3
2023-11-28,3510.66,3518.52,3521.05,3501.11,89335789,147740535862.4,0.57,0.19,6.58,0.27
2023-11-29,3518.88,3488.31,3519.2,3482.24,98841412,155948235975.9,1.05,-0.86,-30.21,0.3
2023-11-30,3485.52,3496.2,3505.13,3481.45,101350820,153790180653.3,0.68,0.23,7.89,0.31
2023-12-01,3494.22,3482.88,3494.22,3452.17,108530941,176078323469.4,1.2,-0.38,-13.32,0.33
2023-12-04,3481.04,3460.14,3488.13,3459.61,97156826,164664395292.9,0.82,-0.65,-22.74,0.3
2023-12-05,3450.09,3394.26,3450.09,3393.81,100472007,164840691112.1,1.63,-1.9,-65.88,0.31
2023-12-06,3387.88,3399.6,3420.28,3382.95,105805519,172142987724.9,1.1,0.16,5.34,0.32
2023-12-07,3394.31,3391.28,3404.41,3369.77,97713248,160949948197.3,1.02,-0.24,-8.32,0.3
2023-12-08,3391.86,3399.46,3409.38,3383.45,129522054,203034222561.1,0.76,0.24,8.18,0.4
2023-12-11,3378.05,3419.45,3426.61,3346.89,139626249,219761181423.1,2.35,0.59,19.99,0.43
2023-12-12,3410.0,3426.8,3427.55,3406.1,105590013,166979964779.7,0.63,0.21,7.35,0.32
2023-12-13,3418.64,3369.61,3418.64,3369.61,95285367,165455928375.6,1.43,-1.67,-57.19,0.29
2023-12-14,3387.38,3351.96,3399.14,3350.76,83655135,150245775736.4,1.44,-0.52,-17.65,0.26
2023-12-15,3365.94,3341.55,3388.5,3339.52,97787783,164907019372.1,1.46,-0.31,-10.41,0.3
2023-12-18,3329.19,3329.37,3352.35,3314.91,90526826,142303319418.9,1.12,-0.36,-12.18,0.28
2023-12-19,3325.66,3334.04,3345.78,3313.19,83808118,135293655396.1,0.98,0.14,4.67,0.26
2023-12-20,3334.33,3297.5,3338.54,3297.37,92412868,141290542802.3,1.23,-1.1,-36.54,0.28
2023-12-21,3285.6,3330.87,3339.36,3283.99,102546198,171120780579.5,1.68,1.01,33.37,0.31
2023-12-22,3329.47,3337.23,3359.06,3315.9,105220133,167336342309.2,1.3,0.19,6.36,0.32
2023-12-25,3330.33,3347.45,3348.88,3330.33,74542693,121838327071.1,0.56,0.31,10.22,0.23
2023-12-26,3345.4,3324.79,3345.42,3315.94,74732935,121689997434.6,0.88,-0.68,-22.66,0.23
2023-12-27,3326.93,3336.36,3341.27,3309.67,94403928,140924923674.8,0.95,0.35,11.57,0.29
2023-12-28,3335.56,3414.54,3423.4,3331.21,148064851,245855634464.3,2.76,2.34,78.18,0.45
2023-12-29,3411.11,3431.11,3432.54,3409.58,114928932,193573180515.1,0.67,0.49,16.57,0.35
